{"assets/fonts/Vazirmatn-Bold.ttf":["assets/fonts/Vazirmatn-Bold.ttf"],"assets/fonts/Vazirmatn-Regular.ttf":["assets/fonts/Vazirmatn-Regular.ttf"],"assets/img/banner/1.png":["assets/img/banner/1.png"],"assets/img/banner/2.png":["assets/img/banner/2.png"],"assets/img/banner/3.png":["assets/img/banner/3.png"],"assets/img/gallery/fitting/fitting-00.webp":["assets/img/gallery/fitting/fitting-00.webp"],"assets/img/gallery/fitting/fitting-03.webp":["assets/img/gallery/fitting/fitting-03.webp"],"assets/img/gallery/fitting/fitting-04.webp":["assets/img/gallery/fitting/fitting-04.webp"],"assets/img/gallery/fitting/fitting-05.webp":["assets/img/gallery/fitting/fitting-05.webp"],"assets/img/gallery/fitting/fitting-06.webp":["assets/img/gallery/fitting/fitting-06.webp"],"assets/img/gallery/fitting/fitting-07.webp":["assets/img/gallery/fitting/fitting-07.webp"],"assets/img/gallery/fitting/fitting-08.webp":["assets/img/gallery/fitting/fitting-08.webp"],"assets/img/gallery/fitting/fitting-09.webp":["assets/img/gallery/fitting/fitting-09.webp"],"assets/img/gallery/fitting/fitting-1.png":["assets/img/gallery/fitting/fitting-1.png"],"assets/img/gallery/fitting/fitting-10.webp":["assets/img/gallery/fitting/fitting-10.webp"],"assets/img/gallery/fitting/fitting-11.webp":["assets/img/gallery/fitting/fitting-11.webp"],"assets/img/gallery/fitting/fitting-12.webp":["assets/img/gallery/fitting/fitting-12.webp"],"assets/img/gallery/fitting/fitting-13.webp":["assets/img/gallery/fitting/fitting-13.webp"],"assets/img/gallery/fitting/fitting-2.webp":["assets/img/gallery/fitting/fitting-2.webp"],"assets/img/gallery/galvanized/galvanized-001.jpg":["assets/img/gallery/galvanized/galvanized-001.jpg"],"assets/img/gallery/gas/gas-001.jpg":["assets/img/gallery/gas/gas-001.jpg"],"assets/img/gallery/mannesmann/mannesmann-001.jpg":["assets/img/gallery/mannesmann/mannesmann-001.jpg"],"assets/img/gallery/scaffold/scaffold-001.jpg":["assets/img/gallery/scaffold/scaffold-001.jpg"],"assets/img/gallery/spiral/spiral-001.jpg":["assets/img/gallery/spiral/spiral-001.jpg"],"assets/img/logo/logo.png":["assets/img/logo/logo.png"],"assets/img/logo/logo_no.png":["assets/img/logo/logo_no.png"],"packages/cupertino_icons/assets/CupertinoIcons.ttf":["packages/cupertino_icons/assets/CupertinoIcons.ttf"]}